pub chem SID,Smile 
13070818,C1=CC=C(C=C1)CCC2=NC(=CC=C2)N
11379,C1=CC=C2C(=C1)C=CC(=N2)N
11586735,C1=CC(=NC(=C1)N)CCC2=CC3=C(C=C2)C=CN3
11659487,COC1=CC=CC(=C1)C2=CC=CC(=C2)CCC3=NC(=CC=C3)N
10397869,C1=CC=C(C=C1)CNC2=C(N=CC=C2)N
11701820,C1=CC(=CC(=C1)C2=CN=CC=C2)CNC3=C(N=CC=C3)N
11500493,COC1=CN=CC(=C1)C2=CC=CC(=C2)CNC3=C(N=CC=C3)N
11681539,CCCOC1=CN=CC(=C1)C2=CC=CC(=C2)CNC3=C(N=CC=C3)N
103164678,COC1=C2C(=CC3=C1OC=C3)C=CC(=O)O2
103164854,C1=CC=C2C(=C1)C=CC(=O)O2
103192521,COC1=C2C=CC(=O)OC2=CC3=C1C=CO3
103235548,COC1=CC2=C(C=C1)C=CC(=O)O2
103235584,C1=CC(=CC2=C1C=CC(=O)O2)O
103235857,CC(=CCC1=C(C=CC2=C1OC(=O)C=C2)OC)C
103238743,C1=CC2=C(C=CO2)C3=C1C=CC(=O)O3
103266033,CC1(C=CC2=C(O1)C=CC3=C2OC(=O)C=C3)C
103266318,CC1(C=CC2=C(O1)C=C3C(=C2)C=CC(=O)O3)C
103270037,CC(=CCC/C(=C/COC1=CC2=C(C=C1)C=CC(=O)O2)/C)C
103335772,COC1=C(C=C2C(=C1)C=CC(=O)O2)OC
103355648,C1=CC(=O)OC2=C(C3=C(C=CO3)C=C21)O
103381053,COC1=C2C=COC2=C(C3=C1C=CC(=O)O3)OC
103405864,CC(=CCC1=C(C=CC2=C1OC(=O)C=C2)O)C
103407163,CC(=CCOC1=CC2=C(C=C1)C=CC(=O)O2)C
103422516,C1=CC(=O)OC2=CC3=C(C=CO3)C=C21
103478525,CC(C)([C@@H]1CC2=C(O1)C=CC3=C2OC(=O)C=C3)O
103528327,C1=CC(=O)OC2=CC(=C(C=C21)O)O
103530259,C1=CC(=O)OC2=CC3=C(C=CO3)C(=C21)O
103580571,CC(=CCOC1=C2C(=C(C3=C1OC(=O)C=C3)OC)C=CO2)C
103580573,CC(=CCOC1=C2C(=CC3=C1OC=C3)C=CC(=O)O2)C
103580715,CC1([C@@H](O1)COC2=C3C=CC(=O)OC3=CC4=C2C=CO4)C
103580716,CC(C)([C@@H](COC1=C2C=CC(=O)OC2=CC3=C1C=CO3)O)O
103580733,CC(C)([C@@H](COC1=C2C(=C(C3=C1OC(=O)C=C3)OC)C=CO2)O)O
103582956,CC(=CCC1=C(C=C2C(=C1)C=CC(=O)O2)O)C
103582957,CC(=CCOC1=C2C=CC(=O)OC2=CC3=C1C=CO3)C
103599302,CC1([C@H](O1)COC2=C3C(=CC4=C2OC=C4)C=CC(=O)O3)C
103601095,CC(C)([C@@H]1CC2=C(O1)C=C3C(=C2)C=CC(=O)O3)O
103616817,CC1([C@H](CC2=C(O1)C=C3C(=C2)C=CC(=O)O3)O)C
103616818,CC(=CC(=O)O[C@H]1CC2=C(C=C3C(=C2)C=CC(=O)O3)OC1(C)C)C
103743925,CC(=CCC/C(=C/COC1=C2C=CC(=O)OC2=CC3=C1C=CO3)/C)C
103769990,CC(C)([C@@H](COC1=C2C(=CC3=C1OC=C3)C=CC(=O)O2)O)O
124957133,C/C=C(\C)/C(=O)O[C@H]1CC2=C(C=C3C(=C2)C=CC(=O)O3)OC1(C)C
136922146,CC1(CCC2=C(O1)C=C3C(=C2)C=CC(=O)O3)C
136923093,CC(=CCOC1=C2C=COC2=C(C3=C1C=CC(=O)O3)O)C
136926364,COC1=C2C=COC2=C(C3=C1C=CC(=O)O3)O
136931883,CC(=CCOC1=C2C=COC2=C(C3=C1C=CC(=O)O3)OC)C
136933689,CC(=CCOC1=C2C=COC2=C(C3=C1C=CC(=O)O3)OCC=C(C)C)C
136936216,C1=CC(=O)OC2=C(C3=C(C=CO3)C(=C21)O)O
136939976,CC(=CCC/C(=C/COC1=C2C(=CC3=C1OC=C3)C=CC(=O)O2)/C)C
136940084,CC(=CCC1=C(C=C2C(=C1)C=CC(=O)O2)OC)C
136941662,CC(=CCC/C(=C/COC1=C2C(=C(C3=C1OC(=O)C=C3)OC)C=CO2)/C)C
136944840,CC1([C@H](O1)COC2=C3C(=C(C4=C2OC(=O)C=C4)OC)C=CO3)C
136945779,CC(=CCC/C(=C/COC1=C2C=COC2=C(C3=C1C=CC(=O)O3)O)/C)C
174510241,CC1(C(CC2=C(O1)C=CC3=C2OC(=O)C=C3)O)C
5805298,C1=CC=C(C(=C1)/C=C/C(=O)C2=C(C=CC(=C2)O)O)O
101885313,C=CCOC1=CC=CC=C1/C=C/C(=O)C2=C(C=C(C=C2)O)O
638278,C1=CC(=CC=C1/C=C/C(=O)C2=C(C=C(C=C2)O)O)O
5367146,C1=CC=C(C=C1)C(=O)/C=C/C2=CC=CC=C2O
57400130,C1=CC=C(C(=C1)/C=C/C(=O)C2=C(C=C(C=C2)O)O)Cl
638277,C1=CC=C(C(=C1)/C=C/C(=O)C2=CC=CC=C2O)O
12147209,C1=CC=C(C(=C1)/C=C/C(=O)C2=C(C=C(C=C2)O)O)[N+](=O)[O-]
5885438,C1=CC=C(C(=C1)/C=C/C(=O)C2=CC(=CC=C2)O)O
5861624,C1=CC=C(C(=C1)/C=C/C(=O)C2=CC=C(C=C2)O)O
71459219,C1=CC=C(C(=C1)/C=C/C(=O)C2=C(C(=CC=C2)O)O)O
129010896,C1=CC=C(C(=C1)/C=C/C(=O)C2=C(C=CC=C2O)O)O
71462728,C1=CC=C(C(=C1)/C=C/C(=O)C2=CC(=C(C=C2)O)O)O
121005083,C1=CC=C(C(=C1)/C=C/C(=O)C2=CC(=CC(=C2)O)O)O
11379,C1=CC=C2C(=C1)C=CC(=N2)N
11681539,CCCOC1=CN=CC(=C1)C2=CC=CC(=C2)CNC3=C(N=CC=C3)N
13070818,C1=CC=C(C=C1)CCC2=NC(=CC=C2)N
11586735,C1=CC(=NC(=C1)N)CCC2=CC3=C(C=C2)C=CN3
11659487,COC1=CC=CC(=C1)C2=CC=CC(=C2)CCC3=NC(=CC=C3)N
10397869,C1=CC=C(C=C1)CNC2=C(N=CC=C2)N
11701820,C1=CC(=CC(=C1)C2=CN=CC=C2)CNC3=C(N=CC=C3)N
11500493,COC1=CN=CC(=C1)C2=CC=CC(=C2)CNC3=C(N=CC=C3)N
